[
  {
    "id": 0,
    "name": "bibi",
    "coordinates": {
      "x": 0,
      "y": 0
    },
    "creationDate": "2023-03-15T18:29:18.2992795+03:00[Europe/Moscow]",
    "age": 123112312,
    "color": "BLUE",
    "type": "AIR",
    "character": "WISE",
    "cave": {
      "depth": "241525"
    }
  },
  {
    "id": 3,
    "name": "bibi",
    "coordinates": {
      "x": 0,
      "y": 0
    },
    "creationDate": "2023-04-15T18:29:18.2992795+03:00[Europe/Moscow]",
    "age": 123112312,
    "color": "BLUE",
    "type": "AIR",
    "character": "WISE",
    "cave": {
      "depth": "241525"
    }
  }
]
